chrom,mut_position,ref,alt,strand,jn_start,jn_end,psi
chr1,114161115,C,A,+,114161227,114161153,0.488849335316
chr1,119584866,G,C,-,119584971,119584886,0.885982550349
